f1,SLK90,A,1,,W
f1,SLK90,A,1,,W
f1,SLK90,C,1,,W
f1,SLK90,C,1,,A
o0,SLK90,A,1,,W
o0,SLK90,C,1,,W
o0,SLK90,C,1,,A
o0,SLK90,C,1,,W
o0,SLK90,A,1,,A
v5,SLK90,A,1,,W
v5,SLK90,A,1,,W
p5,SLK90,C,1,,A
p5,SLK90,A,1,,W
p5,SLK90,A,1,,A
p5,SLK90,C,1,,W
p5,SLK90,C,1,,A
k2,SLK90,A,1,,W
k2,SLK90,A,1,,A
k2,SLK90,C,1,,A
k2,SLK90,C,1,,A
k2,SLK90,C,1,,W
q7,SLK90,A,1,,W
q7,SLK90,C,1,,A
q7,SLK90,A,1,,W
q7,SLK90,C,1,,A
o7,SLK90,A,2,,A
o7,SLK90,A,2,,W
o7,SLK90,A,2,,A
o7,SLK90,A,2,,A
o5,SLK90,A,2,,A
o5,SLK90,A,2,,A
o5,SLK90,C,2,,W
o5,SLK90,A,2,,A
p7,SLK90,A,2,,W
p7,SLK90,C,2,,A
p7,SLK90,C,2,,A
t7,SLK90,C,2,,A
t7,SLK90,A,2,,A
t7,SLK90,A,2,,W
t7,SLK90,A,2,,A
h2,SLK90,C,2,,A
h2,SLK90,C,2,,W
h2,SLK90,C,2,,W
h2,SLK90,C,2,,W
h2,SLK90,A,2,,A
v1,SLK90,A,2,,W
v1,SLK90,A,2,,A
v1,SLK90,C,2,,A
k9,SLK90,A,2,,A
k9,SLK90,C,2,,W
x0,SLK90,A,2,,A
x0,SLK90,A,2,,W
x0,SLK90,A,2,,W
x0,SLK90,A,2,,W
u8,SLK90,C,2,,A
u8,SLK90,C,2,,W
u8,SLK90,A,2,,A
b0,SLK90,A,2,,W
g9,SLK90,A,2,,A
j0,SLK90,A,2,,A
j0,SLK90,A,2,,W
j0,SLK90,A,2,,A
j0,SLK90,A,2,,W
x3,SLK90,A,2,,A
x3,SLK90,A,2,,W
x3,SLK90,A,2,,W
m8,SLK90,A,2,,A
m8,SLK90,A,2,,W
m8,SLK90,A,2,,A
y7,SLK90,A,2,,W
y7,SLK90,C,2,,A
y7,SLK90,C,2,,W
y7,SLK90,C,2,,W
y7,SLK90,A,2,,A
j2,SLK90,C,2,,A
v7,SLK90,A,2,,W
v7,SLK90,C,2,,A
v7,SLK90,A,2,,A
v7,SLK90,A,2,,W
v7,SLK90,A,2,,A
x4,SLK90,A,2,,A
s6,SLK90,C,2,,A
s6,SLK90,A,2,,A
s6,SLK90,A,2,,W
s6,SLK90,A,2,,W
m6,SLK90,C,3,,W
m6,SLK90,A,3,,W
y9,SLK90,C,3,,W
y9,SLK90,A,3,,W
y9,SLK90,A,3,,W
y9,SLK90,C,3,,A
u0,SLK90,C,3,,A
u0,SLK90,C,3,,A
u0,SLK90,A,3,,A
u0,SLK90,A,3,,A
a2,SLK90,A,3,,W
a2,SLK90,C,3,,A
d7,SLK90,C,3,,A
d7,SLK90,A,3,,A
d7,SLK90,C,3,,W
z1,SLK90,C,3,,A
z1,SLK90,C,3,,A
z1,SLK90,A,3,,A
z1,SLK90,A,3,,A
z1,SLK90,A,3,,W
w2,SLK90,A,3,,W
w2,SLK90,A,3,,A
w2,SLK90,A,3,,A
r3,SLK90,A,3,,A
r3,SLK90,C,3,,A
h4,SLK90,C,3,,A
h4,SLK90,C,3,,A
n1,SLK90,C,3,,A
n1,SLK90,A,3,,W
n1,SLK90,A,3,,A
n1,SLK90,A,3,,W
n1,SLK90,C,3,,A
b2,SLK90,A,3,,W
b2,SLK90,A,3,,A
b2,SLK90,A,3,,W
b2,SLK90,C,3,,W
c5,SLK90,C,3,,A
c5,SLK90,A,3,,A
u3,SLK90,C,3,,A
u3,SLK90,C,3,,A
a8,SLK90,A,4,,W
p1,SLK90,A,4,,A
p1,SLK90,C,4,,A
p1,SLK90,A,4,,A
p1,SLK90,A,4,,A
p1,SLK90,A,4,,W
x7,SLK90,C,4,,W
f8,SLK90,A,4,,A
f8,SLK90,A,4,,A
f3,SLK90,A,4,,A
f3,SLK90,A,4,,A
f3,SLK90,A,4,,W
f3,SLK90,A,4,,A
f3,SLK90,C,4,,A
b7,SLK90,A,4,,W
b7,SLK90,A,4,,A
b7,SLK90,A,4,,A
b7,SLK90,A,4,,A
q7,SLK90,A,4,,W
q7,SLK90,C,4,,A
q7,SLK90,A,4,,W
q7,SLK90,A,4,,W
f0,SLK90,A,4,,A
f0,SLK90,A,4,,W
f0,SLK90,A,4,,W
d1,SLK90,A,4,,A
d1,SLK90,C,4,,A
d1,SLK90,A,4,,A
g0,SLK90,A,4,,A
g0,SLK90,A,4,,A
g0,SLK90,C,4,,W
s8,SLK90,C,4,,W
s8,SLK90,A,4,,W
s8,SLK90,A,4,,W
s8,SLK90,A,4,,W
n6,SLK90,A,4,,A
n6,SLK90,A,4,,W
n6,SLK90,A,4,,W
n6,SLK90,A,4,,W
u0,SLK90,A,4,,A
u0,SLK90,C,4,,W
u0,SLK90,A,4,,A
u0,SLK90,A,4,,W
u0,SLK90,C,4,,W
j7,SLK90,A,4,,A
j7,SLK90,C,4,,A
j7,SLK90,C,4,,W
t8,SLK90,C,4,,A
t8,SLK90,A,4,,A
t8,SLK90,C,4,,A
t8,SLK90,A,4,,A
u1,SLK90,A,4,,A
u1,SLK90,A,4,,W
u1,SLK90,A,4,,A
u1,SLK90,C,4,,A
q6,SLK90,C,4,,A
q6,SLK90,A,4,,A
p5,SLK90,C,4,,W
p5,SLK90,A,4,,W
p5,SLK90,A,4,,A
d0,SLK90,A,4,,A
d0,SLK90,C,4,,A
d0,SLK90,A,4,,W
i2,SLK90,A,4,,W
i2,SLK90,C,4,,W
e2,SLK90,C,4,,A
e2,SLK90,A,4,,A
e2,SLK90,A,4,,A
h8,SLK90,A,4,,W
h8,SLK90,A,4,,A
p6,SLK90,A,4,,W
p6,SLK90,A,4,,W
p6,SLK90,A,4,,A
p6,SLK90,C,4,,A
p6,SLK90,C,4,,W
z4,SLK90,C,4,,A
z4,SLK90,A,4,,A
p8,SLK90,C,4,,A
p8,SLK90,A,4,,A
p8,SLK90,A,4,,A
